protein_id,dssp
protein_0,ECHHECEHCEECCHHCHCCHEHHEHHCEHCEHHEHCCCHCHEECCHHHCEHHECHCEECCCCHEEHECCHCCCHEHEHHHEHHCEEHCECEHEHHCHEEH
protein_1,HEECECCHCEHHCHECCCECEECCHHCECCEEHEHCCECEHCCHCEHHCECHHCHCCCCHCHECCCEEEEHCHCHEHHEEHEHHCCECHHCCEHEEHCHC
protein_2,EEEHHCEEEEHCCCCHEEECECEHCHHHHEECHCECHEEEHECHEHCEHECHHHCCEHHECEEHECEHHHEEEHCCCCHHECHCCECHEHHCHEHHEHCE
protein_3,EEHHHCHEHHCECECECEEHHCCHHECHCCEEHHCCEEHHHEHCHHHCECHECHCHCCCEEEECCEHCECCEHCCHEECECEECHCHHEHHCHCCEHECC
protein_4,HEHCHHHEHHHEEEEHHEHCEHCEHCCHHEEHHEHHHHCCECEEHEEEHCECEHHHCEEEHCHEEHHEHECCHCHEHHEHHCECCCCEHHCCHHHEHECC
protein_5,HECECCHEHHHECCHECHEHEHEHHECECCCEECHCHHCHEECEHCHCCCCECHHCHEEECECCHHECEHCHCEHCCEEEHCHEEECCCCHHHHHEEECH
protein_6,ECHEHCCEHECCCCEECCEEHHEECCHEEHCHHCCCHCCHHHCEHHCHHHEHCCHEECCECCEEHEHHCCCCHHHHECEECEEHCCCECCEHCECHEHCC
protein_7,CHHHCHHCEEHCEHHEHEHHEECECHHHEEHCEEHECHCHCECEHHEEHHHCCHCHEECEECCECCHHEHCHECCECHCHEHECEHEHEHHECHCHCHCH
protein_8,HCCEHHHHHEEEEHHHHHCHECCCHCHCHECECEECEEHCEHHECCCHHHHCCCCEHHEECHECHCEHCHHCEHHCEEHHCEHCEHHHCHHEEEEECCHE
protein_9,EEECECCEEEHEHHCEHCCECHHCECHCCEECHCCHCEECEHEHCHCCHCCEHHHECCCHHCECCCHCHEECECHECCHCCHHEEHECECEHHEHCECEE
protein_10,ECHECEEEEHCEHECHHHCHHEHHCEHEEHHEEEHCHECHCEEECECCCHECCECEHCHCCEHCEHEHHHCHCCEEHCHECHEECHCEHHCEEHHHCEHH
protein_11,CECCEHHHCECEHHEECHCHCHEHCHEEECCHHHCHCCHCHHEHEHEECHCHEEHHEEEHHHHHECHHHHCHCEHEEHHECEECHEECHHHEHEECEEEE
protein_12,ECEHHHCCECHHCCHHHHEEEHHHCHEHEHHECCCECCHEECHCHCCEEEEEECECEHCHCHEHHEEHCCHECCEECCEECCCCHCCHCCCECCCCEECC
protein_13,HHCHHCCECECCCCHHHCCCECHCEHECHECCCECHEHHEECEHHECEECHHECECCCHEHCEECCCECHHCHECHCECEHEECCCHEEHEHCHCHCHHE
protein_14,CHCECEEEHECHEECEHHHHCECHCECHHCHHCEHCCHHEEHECCHHEHCCCHHCEEEHCCECECCCHHCHECEHHCCHCHEECHCCHCCCECEECECCH
protein_15,CCCEEHCEHECHEHEHEHHHEECCCEEHHHHECHECCCHHCEECEHHHCCCHECCCCHCHECHEHCEHCEHEHHEEECHCEHEECECHECHECHHHCECC
protein_16,EEEHEHHECEHEHHEEHEEHHEHCCECECEHHECHCHCEHEEHCHECCCECCEEEEHEEHCCHHEHHHECCCHEECHCCECCEECEHHCECCEEHCHHHC
protein_17,EHCHHHEHHCCHCHEHHHHCEEECHEEHEEHCHCHHHHCEHEEHCECEEHEEEHHCECHHEECECCHCCCCHEECHEECCCCCEHCECCECEHCHHHHHC
protein_18,EEECHHCHEECCHHEEHHEEEHEECECHCCHHCCHHEEEEHCHHCEHCHCCHEHHCHCHCECCEEEEEEHHEECCEEEHEEEEHEEEECHCEEEHECHEC
protein_19,HEHCEEHHCHCHCECHHCECHHHCCEEHHCCEEHCHECEHHCCHEEHHCCCEECHEHCCCCEHCCCEEEHECCEEEECHEEECCHHCHECCECCCECCEC
protein_20,EHEEHHHEHHEHHEHCEHECEECCCCHCECHHECEHECEHCECEHCCHCCHHCCEHCEHHHECHEHEHHEHEEEHHCEEEHCEEHEECEECHCECCEHHE
protein_21,EEHEECCCHEEHCHCEHCCHHCECHHEHECEECEHCHCHCHCCCHCCHCHHHHCHHEHECECEEEEHHHCECHEHHHHCCHHEHCCCCEHHECECECCEH
protein_22,HCECEHHHCHCHCCEHCCEHCHCCEHCEEEHHHEHCCCEHEHECHCEHEHHECHHEHCCCHHHCHEECHHCHHEEEEHHCEHCECHHCEECHECHEHEHH
protein_23,HEHCHHEEEEEHECEEHEECHECCHEEHEHCHECECCECCHCHECHCCCHEHHCHCCECEHHECEHCCHHCEEHCECECECCCCHCECCCCECHHCECHC
protein_24,EEEHCECEECHHHEHEHEEEEEEECCHHEEEECCCHCECHEEHCCECCEEEHECHEEHCECEECHECEECHHHECEHEHCEHECECCHEHHCEEEHECEE
protein_25,EECCEHECECECHCCEHCHECHECHHEHCHCECHEHECCEHECHCHEEHHCECCCEEHEHCHHHHCHCHHEEEEEHEEEEEHCCEHEHECECCECEECCC
protein_26,CCEEEEECEHCHHCCHECCHCECHHHCCCEEHEEHCCEHECHHEECCCHEHHEHECHHCEHHCCEEHCEHHCEECEHCEHEHCHCCEECCHEHECHECHE
protein_27,ECHCEECEEHCHHCHECHEEEHCCEEHEECEEHHHHCEHEEHEECCEECCEEHEEECHCHCHHCHCHCEHCECECCECCEECHHCHHEEHCCHHCCCCEC
protein_28,HHEEHCHEEHHHHHCECECCCEHHCHCCCECHHHCEHHCCHHHEEHHCCECCEHECECCHECHECCCEHCCEEEHCEHHCCCCCCCCHECCHEEHECCCE
protein_29,HCECEEHCCEHCCCCCEEHEHCEEHEHCHEHHHCHCCHHCHEECEHHCCHCCCCECEHEHHCHECEHHHHECEEEEHHHCCCCEEEHHECCHEHCCCECC
protein_30,EHHHHCCEEEECEHCHECEECHECCCHCHHHHEHCEECCCECCEHCECCCCCEEHHCCHCHCECHHCHEEHHCCEHHECECCHCHHEHEHHEEEEEEHEC
protein_31,EHEEHECCHEHHHEEECCEHCCHHECHEECHCHCEHCHHECEHHEEHECHHCHHCHHECCCCEHHECCEHECHEECCECECHHECCEEEHHECHECCECE
protein_32,CHCECHEEEHHEHCEEHHCEHCCCCEECCEECHECHEHHCHECHHHHHEHECHEEHHCEEHCHHCCCHHEHECEHHEHCCHCEHHHEHECHHECCEEHEC
protein_33,HCHCECEHHCHHHHHHCEEHHHCCHCCCEEECEHHEHHHHECEHHHHECECCCECCHEEEEHHEHHEEHCEHHCCHHHHHCCHECECHCHHCCCCEEHHC
protein_34,CCCEHEECHHHHCCCHCECCCHCCEHCHCEHHHEHHECEEEEHEHCECECEHECHCHCECHEHCCEECEEECCCHHCHECEHECHEEHCECHHHECECCE
protein_35,HHHCHCHCCECHCHECHEECHEEHECECEEHCEHCECECHCCHHCEECCHHEEHCEHHHEHHHECECCECCCHCHEHEECHHEECCHEEEEHHEEECHCE
protein_36,CEEHHCCCEEHECHEHHCHHHCHEHCCCECEHECCEHCHEHEEECEHEHHCCHHEHCCEEEHHEEHCCHEEHHECCHHCCECHHEEECCEEECEHHCCEC
protein_37,HHHECCCHHEHHCEEHCHHHECCECCCHCCEHECEEHECCCCCCHCCEHEEHHHECHEHHEEECEEECECHHCEHHCHCHECCCHCECHHCECEEHHHCE
protein_38,EHHCHCEHHEEEHCCECHCHEEEHHEHCCHHEEECCCHCCCHHEHEHHCHEEHHHEECCHEHHHHCHHHEEECECHCHHECCCHCHCEHEHCCCCHECCH
protein_39,CCHHHCECHHCEECECCECCEHEHEHCEHHHCHCHHEHEHCHHHEHEHCHHEHECCHHEHEECECCHCEHHHCHHCHCEHCEECHECEEHEHEECEEECC
protein_40,HEHEHHHHEEHHHECEECECCCHHCCEEHCCHECECECEEHHHCCEHEHCHHCHEHEECHHCHHEHECHCCCEHHCEHCHCCCHHEECEEECHCHECCHH
protein_41,ECCECHEECHHEEHCHCHHHCCHCCHCCCHEHEEHHEECCHEHHCHCHHHCHHCCEHEEEHEHHHHHEEEECEHEHECHCCHEHCECHHEHCEEECHCCE
protein_42,HHHEHHEHHCCHHHCECHCHHCHHEECHEEECHHEHCCECHEECCHHCHCECHCEHCEECHECCCEHHCEHHCCHCCECHHCHCHEEECCEHEHEEHCEE
protein_43,CHECEEEEHEHCEHEEECCHHECHCHCHEHCHCCCHEEEHHHHEECECEEECCCCHECCCECEEECCEHHEECHHCHCCHCCECEHHECCHEHCECCHCH
protein_44,CHEHHHHHCECHHCCCEHCHCCHHCHECHEECCEEEECHCHHEHEHHEEHHCCECCHCCEHCHHCEECEHHECCEEECHCCEEECHEHCCHECCCCHEEH
protein_45,EEHECHHEECEHHHHHHCEHEECECHEECHHCHEHEHHHEECHCECEHHHCHCCCCEEEECHCHHECEHCEHEHHEEHCECHCECCEEEEHCCECCHCEE
protein_46,CEHCEEEHCHEECEEHEHHECEEHHHECHEEHHHCEHCCECHHEEEEHHCCHCEHHEEECHEHEHCEECECHHHCECEHCCHHCCHECHEHEHHCCCCCE
protein_47,EEEHEEEHHHEHHHEHHHCCHHCEEHHCECEHECEHHEEHEECEHCECHHHHEHHCEHHEHCCHEEEEEEHEHCEHHCHECCCECCCEECCEHHCCCHEH
protein_48,EHHEHEECEHEHECCHCEHHEHHEECEECHHCCHHCEHCCCEEEECCEECEEHHCEHEHEEHHCCHHCCECEEEECCECEEHHHHHHHHEEECCCECHHC
protein_49,HCCHCHCHHEECECHCCHEEEEEEHHHECHHHCEEEHEEEHECCCHCHHECCECHHEHEEEHHHCHEEHCCCHHEEHCECEHCCHHHCCCCEHCEHCHEE
protein_50,CEEHCHCHCECCHHECHHCECCECECCHCHCCEHEHHHCECCCEHCCHHHHHECECEEHCCCHHHCEEHCHEHEEEHHCEHCCCHCECHCHCHCCCEECE
protein_51,HHCECEHCHHEEEHCEHECHHEHHHCCEEHHEEHHEHHCHHEHCCEHHEHHHCECEEECCCCCEHECHCHCHCEECEECHHCCCEECHHCECEHEHECCC
protein_52,CECCHCCCCCHHHHCCHHECCEECCECCEEHECCHHCEHHCCHHECCCECHHCHCCCCECEHECEHCCCHEHCECHHHCCCHHEECCCHEECCHEHHHCC
protein_53,CEEECCCHHEHCCCCCCHEECHECHEHEEHCHHCECECEEECEHCCECCHHECCCHECEEHCHHHHCHCCHCCEHCEHHEHCCHCEHCEEHHECHHECEE
protein_54,HCHEEEHCCEEEEECEHECCHCHCHCHHHCEEHCCCHECCHCCCHHECHCCHCHEHHHCCEEEEEECCCEHHHEECCEEHECEHEHCHHCEHCCHHEEEE
protein_55,CHHECHECEECHECCHHHCCCECHHCCHHHCHHEHEEHECCHEEECEEEHHEECCEHEHHHEEHCHHHHHCHEHHCHCEEHHHHCECCHHEEEEEEHHHE
protein_56,HHCCEEEEEHCCHHEHHHECHEEEEHCEHHHCHHCCCCHCEECHHHECHECHHCCEHEECCCEEHCCCCCCEHHHCHCEHECEECHHHHECHHCECHEEH
protein_57,CCHCHHHEEEHEHCHEHHCEHHHCEECHCEEHHEHECHEECHCEHCECHHHECEHCEHHEEHHECEHHHCHEHECHEHHHHCCHHEHEEHECCHECCHHC
protein_58,HCEHCEHEHHHCCHCEEHHHECHHHCEHHCECEHEECHECHECCHCCCEECEHCCHHCEECCCCHHCCHCHEEHCHCCHHHHHEEEEHHEEHCECECEHC
protein_59,HECEECHEEEEHEHEHCHECHCCEHHHCHCHCCECHHHCCHECECHCCCHCHHEEECCECHHHHEHEEECCHHHECHCHHCCEEHEHCHEHCEHECEHEC
protein_60,CCCHCECEECCEHECCCHHEEEEEHHCCCEEHCCCHHEEHCCCHHCECEHEHHEHHCEECCCHCCEECEHEHECHCEECHHHHHCCHCHHCCCHCECHEC
protein_61,HHCHCCCCHCECEHCCECHCCHHHCHCECHCHCEEEHHHEHEHCEECEEECHEEHCHCCHHCHCEECEHECEEHHEHHHEEEECECHECHECEHCECCHH
protein_62,EECHCHHHEEEHCEEECHHEHECCEEEHEHHEHHHEEHEECECHHECEHECCHCHEHEEHHCHECHECHEHEHCHEHEEHECCHCHEECECCHHECHHCH
protein_63,EEEHEECECHECEECCCCEECEEEEEECHCHEECCECEEHHCHEHEEEEEEECECEEHHHHEHCCHCEHHHCHHHCHCHCHEHECECECEHEHCCEHHEH
protein_64,EHCCHHHCEHHCCEHCCHCECHCECCCCEEECEEHEHCHHEECEECEHEEEECHEECHHECHHEHCCHECCHHEECCCCCEEHCCEECHECHHECECECE
protein_65,HEHHEEECHCHECCHHECCCCHCEEEHECCEEHCCCCHEEHECHCCCECHHEHCCEHHECHCHECCCEEEEEHCHCCEHCCEHCCCEEHECEEECHECCE
protein_66,CEHHCCHEEECCEHECHEEECHECHCCHHCHCHECEHHEECHECHHECEHHCECEECHCHCCECEHCCHCEEHCCCECCHCCHHECCHEEEEEEEECEHC
protein_67,HEHCECECECECCCECCCCCHCEECEHCECCECCEHHCHEECEHHHHEECCHHHECCHECEEHEHCEHCHCEEHCEHCCCCECEECHCEECHCEHCEEHC
protein_68,HEHHCECHCCHHECEECHECCHHHEHCEHCEECEHCEHEEECEHEHHCCEECHCHCCCCHEHHCHCHHEECHHCHCEHCCCECHEECHCHHHCHHECEEC
protein_69,ECHHEHCHHCCECCHCEEECEEHHECEEHEEHCEHHEEHCECHHECEHHHHCEEHCHCCCCCCCHECECEECEECEHCEEHEEEEHCEHHEEHEEHCEHH
protein_70,ECEHCECCHEHHCECECHHEHCCEHHCECHEEECHCEEEHHHCHEEHCHCEECEHHHECHECECHECECCEHECHEEHHEEEHEHEEEHCCEECEEEEEC
protein_71,HHEECCEECCEEHEHCEEHHEHHEHCCCHHEHCCCEHCEEECECCEHEHEHHCCCCECCHHHHCHCEECHECEHCCCECEHHEHHCCCHEHEHHCHECEH
protein_72,HEHHEHCHCHHHHHCCEHHHEHECEEHHHECHEECCHEEHCHCECHCCCEHHCHCCCEHECECCHCEHHHHCEEHCHHCHEEHHCECCEEEHEHCEHCEH
protein_73,EEHHHCECHCCECCEEHHECECCHHEHCHCCECCEHCEEECEEHCECCCHEHHHHHCCCEHCCCCCHHEECEECHCCCEHEEHCHHHEHHHEEEEHCECC
protein_74,CHHEHCHHHHCEEHECHHHHEHHHECCEEHCEEHEEHCEHCHHHHCCCHEECHCHHCCHHHCEHCCHECHECHECECECECEEHCHEHECEHHHEECEHE
protein_75,ECCHCEHHCCEECEHEECCCECHEHCHECECEHECHCHCHEHHHHHECHCECHCECHEEHHCEEHCECECHCEHHHEHCCEEEECECEHHCCCHCCEEHH
protein_76,HECEEHCCEHCEHEEEHCHCHEEHCHCHEEECHEHECECHEECCCEHCHEEECHHCCECEECHHCEHCHEECHCHEHCHHEECEHEECHCHCECEECEEE
protein_77,HEECHCCEHCCEHECHHCEECHCECEEHEECCCCCHHEHCCEHHEHCCHEEHCEEHHHHCCCCCEEHHCEHEHHCCEHECCEHHEHHCCECHCECEECHH
protein_78,HHCCEHCHCCCHCEEEECHCEEEHHHCCCHHCHHHEHCCECEHCHHCCHEEHCCCCHEECHCHCEECCCEHEHCHEHCHHEECHEHHCCEEEHHECECEE
protein_79,CEEHEECECCHHECCHEECHCEHECHHCCEECHCECCHCECEECCHHCCHCCEHCHECEHEHEHCEHHCHEEEHEHCEECCCHCCCHHEHHHCCHCEEEH
protein_80,CCCHCCEEHCHHHCCEEECEEEHHCHCCEEECHECECHEECCCCECEHCECCHCHEHECCHHEEECEHCHECCHEHCEHCCCEECEHCHEHHEHEECEHC
protein_81,HCEEECCCECCHCEEHHEHHHEHHEHECCHCCCHEHHCEHHEECCHHECECCCHHEHHECCHHEEHCHHECECHEHECHCECCCEHECCHECCHCCEEEH
protein_82,HEEEHCEHHHHHHHECEEHEECCEHHCCCECHCECCECHCEHCCEHCCCHECHCEHHEEEHCCECECEHEHCEHEECHCECHEHCHEEHHCEEEECCEHH
protein_83,HEEHCCCEEEHHECCHEHCHHHHHCECEECCHCEHHEEECEEEECEEECCECECHEHCEEEHEEECHCCHCHHCHEEHEEEEHCCHHECCECCEEHECEC
protein_84,EEEHCHHCHHEEECCCCCHHECEHCCHHEEEHEEHHCCHHEEEHCHECEECHEHCCEHEHEHEECHCCHHHHHCCECECEEHCHECHEHCCEECHHCCEE
protein_85,HEHCCHCEEECHEECCHCCHHCEEHCCEHHCHHHCHECCECEEEEHEHCCCEEEECHECHCCCHCEHHHHEHHCCCHHECHCHCCCHCCHHECEECHHCC
protein_86,HCHECECECEHHHHCEEEEHCCHHCECCHEEECHCCCECCCCCCCHEHHCEHHECCECCEHCHEECHEEHEHCEEEHHECHHEECHCEHHEECCCHCHEE
protein_87,CCCEEECHEEECEEHCCCEECEHCCCCCHCHHEHCHEHCEHCHHEEHHCHEHCEHEEHCEEHEEEEHCEECHCHHCHHHCHHCHHEECHCEECCHHEECH
protein_88,HCHCHECCHCEEECCHHECEECECEHEECCHHHCECECHHEHEHCHECHHEHECCECHCEHCHHEHECCEEHHHECECEEECEHHHHCEEEHECHCCHHE
protein_89,EHCCECCECCEHCEECHCHHHHCCHHHHHEECHCECCCEHHHCCEECHHHCCHCHHEECECCCEHCECCEEEECCCEEHHHCEEECCCCHHHHEHCCCEE
protein_90,ECEECCCEECCCHHEEECEHECHHCEEHEHECEEHCCCEHHEECHCEEEHEEHHECEHECEHHHCCCEHHHEHECCHCCCCEEEEHCHEHEHHCCHCHHE
protein_91,HHHCEHEECCECCHHHECCEHHCECHEECEEHHCCEEHCCHECCECHCCCECHECCECHHHHEHEECCECEECEHECCEECCEHEHEHEHHHEEEHEHEE
protein_92,HECCHCCHHEHEEHCHEHHECECHHCEHECHEEECEHHCCHEEECCECCCEEECHHCHCHHECCEHECEEEEHHCHCECCCHHECCCCCEHECHECHHCH
protein_93,CECHCECHHEECCCCEHHHCECCECCCEECHEHCCECHEEHCEEHHHHCHCEHHECCEHECHECEEEECHEEEHECEECEEEEHHEECHCECHHEEHHEC
protein_94,ECHHCHECHHEEECCCHEHCHHECEEHHHEEEEEEHEEHHEEHEHHHHHHCCCHECEHHECHHEEHEECECCEHEHCECHCHCCECCHEHHEHCHHCEHC
protein_95,EHHEHHHHHEEHEHHHHHHCHHHHEECCHECCHHECEHHCHCHCHEHCHEEHCHCEEEEEEEEHHCECEHCHEHCCCHECHEHEEEHHHECEEECECHEE
protein_96,EEHCHCEHHEHHHHEHHEEEHHCCHHHHEEECCCHEHCHECEHCHHEHHEECHCEHEEHEHHCEHHEHCCHCCHECCCEEECCCECHCECHECECHHEHH
protein_97,ECCECEHHHEHEHHEEEECHEEHEHCHHCCCHHHCCECHEHCHCHCCEHHCCCCEEHCCHECEHEECCECCECHECCECECECHEHCCHCECHHHHHHCH
protein_98,ECHEECEEHCEHEHEHCEEHCHECHEEHHEEHECECHCEEHEHCCECHHHHHHEHCEEECCEHHCEEEECCCEHEHHEEHECECHCCEEHEHCHHCHCCH
protein_99,HHCHCHHCEHHHHHEHCCCEHEECECCCHHCCECCCCCECCCCHCCCHCCEHHCCEEECHHEEHHHEHHCEEHHEEEHECCCEHECHCHEECEEEHCHCH
