protein_id,sequence,dominant_ptm
protein_0,LLCQRYEYISSIQGSNMSEATYLVEIKCTREMFRYPCAAGYDEYQRNLILVQWCHNSKRKMIQNYSHKMCAWNPADDLNKSPRVANCKMPEKHWCMPMYA,citrullination
protein_1,MPAFQKDKWPWRIHQPKYICYTAWFMYIDNWGFNENWGQYMNIKAVPKKDFWHWYTGKFPAIRGNVKQVSKMCAGHPVKYLQSAIYCSKWTTIWGLVERA,nitration
protein_2,LYFELKHDGRCHVDSFDDAPIPWSFMHPIYGSHDCESSFWRPFWCHTEAFRWVGYKDTLIKGNITKERKNRDLCPLGSWDDFLGGHNNQYVCLSLFYIQT,ubiquitination
protein_3,ETLATCCNGVNMPEKHVTYWKHLEFFNKNDSLWDLIMQAEWECCYYNGEDACNMGCWKHVHTISMYPWRCCKCQDISKWLWIQYFNQHDFEGNDICYTGD,s-nitrosylation
protein_4,CFHAHDKMDDIYDYKMFRYNLSVLTIWSLTHLPRIRVVFKTRVNTQYLLFKDVHSSSEIAVAMEMSKMHTGSSIVTPFWAVDDTMRHVKINIYHKVQLVK,hydroxylation
protein_5,RYARPKKWKRRFTAQMPWILAVDVYQIYIDMDKNSDMVFHMLMYKDQGCTQDIYHCYDDRKQRAFCPPDPESIGKQMVHPFLNERGYQFLNPLMMEGKIP,hydroxylation
protein_6,KPNVYNEFVLFKPYICATRGAHPLHCFTSGGGYYRAMEFNHNRWATKTWEFCICYYQQLYFKCQDRIPVYAIWFLYIWADIKQTELPFNQVNASNDKWDP,acetylation
protein_7,WLRTPPDNCEKKRGHPCYHIKAVTCSCSTFLHVACFGGWTAYPYWSQMELLWFEIFRDSKEPITNDNCAVTRMEISSMGQELNCFYEQVEFGCNKFGEWM,phosphorylation
protein_8,MHDHGMAAHGMTWNMKPHEHYAQKVSQATKAMGYFFGSLEFGQDLVHWANRQPLVTHKGESPLHCAECYKYQMILKNEFVWKDLQKRVDTNQEPAFCNIR,glycosylation
protein_9,VWAIHDSFEPKRNVTMHQQTAAGPKRCSHSFLEFETIDYAYVKSLQMTCIIKHQVLYVRMGLSASVMIEMWFELCANGGPIDCLGLMLMKNNGFFTEEKL,myristoylation
protein_10,ACTRIVLPRKRTIQWFCYENHRNVCICMKWWWQLKNRFFIQLQLLEYTQMFNEVQGIDELWNFYWVCPVLMYGKLGATTHFWICQICRMGDNKLGMSYMQ,sulfation
protein_11,LISMHCTRKYWRRCVQQYITGSYLVQESRAFDTTPVLRYRAKVLASKYGEIRKTKPCNENPTCEIAHGFWHYSHQENQMVHSCFRDQRAGGMAWPTLPEG,phosphorylation
protein_12,CHVEQRTQFKYKAAVSMTVDLFFPCFTMHMDSTWMPDENLSQYILFRRMFNADQMELDQAQCFECDDNGNALKQEYYTMWRVCFLNYQNTSARVYKFLSF,sumoylation
protein_13,HMQECEYVRCMGERYHRIEHMRAACACMEKNGKPDQRDRHHCCPYKIWYWLHMCTQTTGWNLQFAGGSEKQRHSRWDMDIRMKREMSALQPRFPFMIPIS,nitration
protein_14,QSPFSHEEKETSTGAMLWNWLPSTVCRPEVPDRKRVFCGHFCEFMQEYHHLFCHSYLWFYNKAFCEINVGAGPNQTQPMFYDIMMMDQINYNFRDHWSFH,glycosylation
protein_15,QTIESACYITDPWDCNGDQTGDRIQHWMASGCWYWARWSPCCVPKRVNVYISWQCAGDDSDKLLYANWTHDSAKVDRLYIREISHKPYNCKFVWEVETLK,ubiquitination
protein_16,CNRAMYKLFDYGYVGMWCLDCRFDTWEVDEINNYCRTPFWIMIDSFIPMMNANFGVYIRCYAQCHNNVWSSKYVFHSFKCLIHFNCFENFCSAQWMVPEC,glycosylation
protein_17,NRYTPSMCAPWAFGHATCHRNFNHKEVWWFMSNGNRLWKMFNRHDEACGVFAGWEGHTDAGVDDKPKFWENGIRHSGAAEEDVSIKCNFYDICGVHDAVY,s-nitrosylation
protein_18,GCAIIRSNHLPSFQFITRTGWVFEHLRPKDKWVTTNYMDMFNPYSTMGENSQPVYLEYSMNEFGCAFQYSWREMVMDEEFSEVPGFGGGRGKKRANREGY,ubiquitination
protein_19,ICSVVIDQRGAVLFTYRLYRKDSNCHNFSCFHDKILWIVKNDQWCSQHSARTNPGSSGRLYEQEHERMWLEFLVWKAHFLMFDGPFCCRVWSMVMKAHPQ,acetylation
protein_20,NEIIYVMDRWWFCGSRHEAQYCEGLMFQNWVSQVCPCINHYSVVMVYLAKSTGEHIQKMLTGPWHYVKDNGADALHKYWCMRAVSIEFCVVRTYFWMIMR,palmitoylation
protein_21,EEWLCCIRLEILANKMYLFDNLSPIMYTKYWKWQLLEKNQSIMAHSTRSPTSRIGDHFTGDASCVFICDGMCFHRHDNAMRFKLWHYEWFFACDYAWRLC,s-nitrosylation
protein_22,GDVTTWQGDPCDQWEFDCQRCPWGNRHGKCCQGAHACFDTQHYTFKRYYKYTKYADMIYCFMHWMLAVPNLTITMEIIMNKQNDPSKHFWEIYIGLIPIS,nitration
protein_23,YVFTRDPCWWGCIWFLCRLFWEPQFMYRMVQMTYEQIRDQRQAYKIQVKMVAYLVAVIQTGGHEIRSMESKRGCEDHTCEGNCHWNCWFHYTSAVSFHTC,acetylation
protein_24,MCGDVMYKWETRKSMCKGGDHEEIEIHLYWHLSMCSATMNEKNFVTYDIGERQCLIFWMTGKFHYVYWDHVCCVDHLQHIWDFVSAEEPICIKMCVHCNA,ubiquitination
protein_25,YICIWPEGCSKFGGNPAPGLQMTADHGSTWTGEKIWDFYYAIRMAKDSATCYVSLWHDYHCNCWSWPFPTNNNFNHMASIYSGETLAQWCEVKVEPQVLW,sumoylation
protein_26,LYLNPKRKHRWYCHYWLRTFNVVVPRKPKKAHSIDAHHYNTTWECWKATYYQHTCNIMELYYMAAGMIMYECKHHMDPMPDPNHKCEKQSNSAFCCDGLL,s-nitrosylation
protein_27,DPIVYCFKGYMTDPMKEIVCTKDCINTAIILMHPNMKLTITMAHNIRKPERHVACKPSGEKVNCKLYLHGAKWLSMNCMLNDEEQFRREGSLTKHYNLDY,palmitoylation
protein_28,SPFSDWWYEYAAIFMESLDSSFWTNSFMRVGRLHVHDFKNQWQVYRPVPWGTHDYKQFTDGVGISGTSDKFFWQCNDCHVIIIIVDCQILDGCKSEANCT,citrullination
protein_29,QYDHYHQNTRWDYGNSNQVYEHRDFWFHAMFVGWELYTHGGRHYSQMNMCWSGLTFLHEGHMCANDNSHAWKEINQEGYPCSMCLHVKFAADTWQMPRPC,citrullination
protein_30,PEKEMTKMFCWHQCNWNSTGHKEESKVNFGICDGDIQKTEPMEGEPRYMMFPHATGASMYMRLRTVCWTDVRHKSYFQIHWKTAPKFQLICPFMSSRRII,hydroxylation
protein_31,FKGLKDHDANNEFTDTEWGPIANGYPCQWGCNIPKMKWNHKEDMRWNLTRNYYNWSRSWDHILIAKGISYFVKQQPCWTGCKYEDWRYVQDHCPEQWQPN,methylation
protein_32,VKAKLPNMTRVHYTWKAQAYYYDMHQHIAEYFFKQHVGYWEHWDWKCQKRNTKNFGTMYAANWVMMKLVCDTKTWVSKPIQTKFCVQFLHYNVHNLKMSS,methylation
protein_33,NGDNWCYWQDHTQYWDGNDTEYKTWLQNIWDKNAHGCEWEFKSDNSCQNFYTDQVMNLHFCKTKTVNWPHQAHQWVNWKGSYRNSNHDKPEAKMTAYTWY,glycosylation
protein_34,IFLCVWVNIASHPHHEQQLKGAPDWRLGLYFVFSIKQEAAYNAHVISCNGWGMPMNCNNNNTWRWYHNVPAMKEPQPDVMAMLRTWEWPDPSQLYAFRNI,glycosylation
protein_35,KCNSHIHTHSYRPQMELYNTNALTNQNKPFVVVTEAHMKNQSAGRESLSQCDKETGLQTEMDNNGWDIIACTNLLNFFSPDTNMTPQMHFRREMPAACHF,glycosylation
protein_36,NMKWQMVIQQARIPIADGCFTLHMKHYSFCPSQWQPNLQWQPMNLCMKQNYQMIGYLTQPEQKGNHNENFYDEMRKMADVTRCCMNLHNPWSCVSKRKRY,s-nitrosylation
protein_37,YGWFDRPEAVKRDDWPYNIKVYKDMVHEVCKGDHVEKFIVPIHGGAVNHDLGRSPCDKSSYQSTASVYGGLVPLCPQCWDSLFSFHYEFGRQIDCVSHPS,s-nitrosylation
protein_38,LNVPSVWQLSQVEDPDRTSDTKTTDFQGCEYRDQKTKEENLDVEEDYEIQTEMFQTMHCFTFSLSEPKMFLQMLWIPMWRDVRKWQEKNWSRHKDEASNC,acetylation
protein_39,AVPKGFHYNMKLIIRRLSLTTFTGWDPYIHDIGNLLWQTSNVGGFKPDVQNHLFLFRMYIWRLCMHSKNDYFMQSFSYLKKIKEFSMQTKPMRCWKTPGL,hydroxylation
protein_40,DNPWVKTHSASKDANFDHRSHDNEWSMVMAQDAEASSHPMVQIVIEKGPKNEKYFRNFKRNAQCMFFRMHYMHSFEEGDSVWYIQYIKFGLLGYTHPQRF,glycosylation
protein_41,YDNKSPDLLCNTVFRIACMSHGQTYWAKNGHWHDYFICSCRADAGTAVKNKRNEYEQSLKENPWRCVGLLPRFYTLFFQAICTPGHNITTLGFLANPNHS,citrullination
protein_42,TSWGSTFNLPWWAKSFHSQERAKGMWVPWRLSRPCWGHIHISPTETFWAETCWVRIHTAFTTTPMFSKYMEPLTEIRCPGEWCCIPNAYNLPNTFTRKLN,glycosylation
protein_43,FVASCPQSWLSSEFGAFIGMPKWGTWTITNYTEVVHKLPMWTRTPKGKRMCWAKNCSAPEHHKPGNISTCPSRAEWQDERNRPIEWVVLGGVRELERTAL,myristoylation
protein_44,IWGGQMVQFIQCKGWAWDHQPREFHQSAMKLIPPPNTHFSPANIAMDGWSDGCRPFIQKQPCTVGACGIVNAWNTCTHPQFRCNTGWAHLPMCYTNPMQV,glycosylation
protein_45,SWTTPQRHNHHMWTLYQQFEMMSDPCFDDIYCTPNSLNCWLNSAHPEIVVIGAYLCDVYPSSDAGDMHDWIRPEQIVWNKELWPKERRQAIMMFRKQLQG,phosphorylation
protein_46,QNIPGYSVDVFHWIQFFKLFCTLDDVNQQTDDMEWNSMDAHGMDGNEKMEWESLQDNGLKECMANWIFAWYCNLIKDENMVIEINSGSMILGAVINAIMY,sumoylation
protein_47,MLCNWANVKCAKNNEPKNCTFPFCRLDGMSTYRIGPQYSWMEPCYIEFYWDADVDKQDMFRPAHGHRMTGQTHMFMAKYPFQVYVDNWYGMSFYTKSNCD,methylation
protein_48,SNCDWQVVRIQKNLHLGPNRYRGPEMWDRDDSHHMWNKQPSVWAHHTMYWPDRVNQYHVWAHWFPKAWVYRSWEFHYHNGNINVMVYPPQNRTRNKPSPL,phosphorylation
protein_49,DPKPMVTGKTPQYEEWAAGMEWKGLWVWCDATMIKEYTLMIWLDKSDITNYAWFWRQKTDCHLMFVAAEDQPYPWFTKEICFEWCINGADISLHWWRGQF,palmitoylation
protein_50,IPAEGEWVLAATSDPHLVKRKASWIKESAHYSWHLDIIEIKDPPHHPQQKSVVQDYVAAKKVNHYVVGHQYYHNYLAENYGRLQICELHLGPAICAETPR,myristoylation
protein_51,GHCLWIDYHNATAFHQTGARQTRQCWNFTFVMWIFSCYTKFGTHTDIQQCGNDYKGQKTKDKKTHTFWIWLVSTWDQSQHPPRGAPCHKHVAPQVTQHAT,myristoylation
protein_52,FWRQFRECDMPQSREEKQQSFCQMHRIMGYIGVEINKGMGMSKESKTRMNITIPHCTACSRNVRMMELMQHESMYTYMNWVDVQRSSFVAVCICCNSDFC,s-nitrosylation
protein_53,PRKWFMAPVSRSNWEKNTPDAPSKIMRFIEQGYADETIDEHMRAPHYNFQNSDTWERNKMRSTTVITLEWMWHEHMQYPEANMYQVNRYKKPCCSMFIPC,nitration
protein_54,WHQHSKALDHDCVDIFIRDTAEFAKSLPQEWIWFLIIAKCNQSVYTKPFEFCFEHDGMDESKRAGSFWYADCRMIRQFIGMGSIRCQVGFYTEAFHPYQY,s-nitrosylation
protein_55,LSHQQTMWTDGSQYQVSERVHRSCIYYLMEPQCKNSHSAMRPLQQRVWVVRCFSELASPQQDFHQIRSNKWRRPLKIISVTLGLKYYKKHAWGYPNTRQN,citrullination
protein_56,YGEYGLECSTKLKSEIAFPSRDEKNSDLKGARPTYWPSNNHGLFVATSKSRVTSAVTHTQTSNTWTHSFCFRAQWLGRAMSRFFDWIYMNHDTGHWRVDN,ubiquitination
protein_57,SIAYDQNFNECGNLLDTFCMTWRNFYMIQFDGVCSVRSYSRYKHNWFQTFMQMYHHKHQGIHPMYQMSVENHSHERFNIVMCRSIHAIARSAYFSLWNYH,acetylation
protein_58,KSGGPYYIYNVVYNIMARKYHQTHDIPGRCLDPYFLPSNQDINNPCFSVEDCHWGRKDDPKRFCKNSFWTLGIRQTTEWGQHGRFCKETYDSLFPFLFGK,s-nitrosylation
protein_59,ECKGEAAWLYLCYQGPEEQQQMADFIKPIDEVCDCKYTLMSYQWAGDQSWELTNNMHRNGNGLAFMTAGPRYEGLGFGSGSLHEEISYNPWVRVQLQDNF,myristoylation
protein_60,IKDFSPLQESEKMLWCNPMMWPKGACFKIMNVQLTPCMNMGTEAPHMLHSQFRRLPTWYYGKGYLKETGLAFNYEEQKNHWRYHPAVWGERGTNMREFQF,methylation
protein_61,FKKEKECCGMREKKAAWINAWEAIPDDEFQNWHAHAWKIPSSFNFTYPNSREFEMPMYYTFWFLALECDAIGCYITPEVIQTKTKVVDFHKWLFCRSHDP,methylation
protein_62,YFVTVEQKMTKITHQTYDRHRGKFYQRDDSLQGAQSNKGSGLVKQELMKNRDGTMNYQSETNSALHRMCSQLCPPTLSGVVQEVMKQNWFNSQELTPFCR,phosphorylation
protein_63,YPYDYKACVSTVCGMTCFQPSLLGQCWVRIMIQASHTVSQDLIDRTGGCNHLRCQTFKVTKIIPFWFTMNESSNWLMSLWPQGCQVYGQRIHVMHAFHLA,s-nitrosylation
protein_64,PHQLVCQNAPSFIRTMKMVAVVSATVKKLKGIFSAEVNPATMWWTEDTWLTRQQDDACLVMGSRANSCSMGGHPMKTWRTKHGKQATPMMRERWEYCDKH,myristoylation
protein_65,HCMWGFNMDLQHWFPRGMAYTHMADWLICEHGTLSEWRPKLADYMPHVWDTCICKFYWFTDMVTVTTFNYFAYLGCRFKDIIMHYVFNKFDDDPIVQKHT,glycosylation
protein_66,EDDKWIGQHEHPKVEKSDAQNTCNIMRDDTGCASQNGGTMTPCCQQCIALLYRMPMANFDHYCFGADPSGCWILFIYYPEHPMDNINNDRTQAAGVYGGM,citrullination
protein_67,HAWDQHGSIMTGKIFELRGYRFCCQMFLMTVLFEYIYMVAYFYRQHEPRAWPHATNMSCYEPCPYMTTWQMDAFESYVQTEDVFKPQVCPYVLDETFWQA,hydroxylation
protein_68,ERHYLHDEMMEQNSMGGSLWMEGLPGTERENDYQTRNTGKQWSAMRMHVCIFEPLQVTPPERPWLDDIDAQEICQRCVRGFDNWVKEERSRVDKEKVCTE,nitration
protein_69,GKEKFFCEARYTEWSDFRATWARNTVPTAGGIMCGASQPRMKYSINKLAYFHRLLSVSTNCCGATVICLKHNKIKKFSSFQHKFVALFMWLTMFCFYTWG,phosphorylation
protein_70,QNCRDHPGQYTKVIPRMLKMKVRCNCTIVRFREYYVSEMKQIFPTQPYVFGSIDCDWGDHDWMWKVSMVADCNFNYHMNMSWIFWAMPAPIHCGWVRSTW,ubiquitination
protein_71,YTRWGVMEVMSHCYGSQADEDDEQKHILAQHLNGHCAGVGMGMWKIALTFISYSIFNIGADRKVLQMHWLIPASGPCVCNHFGQWRFWTVIHAMNCCQVV,acetylation
protein_72,PSFETDWYRMRFMCMLSCREQWTFGMHSGTLTRICTMRLKFKSNLQHFSIYSHPDLAQSVVWYPCVLRYYCDCHPRHWGYSFVETWIQCIKELTEMFQIN,myristoylation
protein_73,PWLCNCNDWSYKKPGGGCGFVWITQSRKNRSQLTWISGLCHMIYQSISSFISYSGCEMCDPANDMLKRHMSWVVYGHQAHDARLKKELWHIDFCWFRYTD,citrullination
protein_74,NENSQIKYTSGMQCWLVIYDLSMMMGYEKTENDYNQPHSVKTGHMSSRMAWPNIFFFRMFRRFTGTPNFRNRNAWGIEWWAFSMRNSIVVWFKVSWHPFN,phosphorylation
protein_75,FGAELYLQQHSIMRTKCMRWKFAAALIHAMFDRQPGPQMEISDWNVPQVRASIQTGQSFVAQNHEQFDERSCKAEWICWSLSILMHHENTAMWHMLMFQC,methylation
protein_76,GPTHNSGVCDMKQSYIQWIAMAVDEVVVNDHLQGIGKRNFCTFYFDCLDWHQFSQPHSTCHISAKVPYQPSHPQSQRTDCHQLNPFCPVQASFGCCSWFW,hydroxylation
protein_77,LNYCHDRKTGSNIYTLDRYFRLAYKGFPQDHYTETANKVGNEEKCLRKLENDCIIFNRPRMKFCCDTLIADIATEYHEAIADLMWRHVPMEPCWHLSIHS,methylation
protein_78,AKDHRYEHGVCKSAMDGGTEHKWNASIRFHWPKDGKQDYTNRSLQWDLRDHVWVMDQRKNINTFTDWSCYPPAFMGDHATLLHWMAEQLTNRENSLQNDT,methylation
protein_79,CELLKEYKLCKSIPPDDNIQHWPAEFYAGKEPEREEWFNQEKIELGPINIMAKSSFLRLLSPKNICRKYLKMNYWVSLEGSYRNHHNSQDCEYYWNAMRY,phosphorylation
protein_80,AKYRCTDIEEDEQPKTEPPKCAFDLHYNIGEVMCDQPKAPSNDSYRKAEGLSCDNCLDVSLPSTIRWVCSTRPRRNNDKGGLWDGWESRAMLTMYAMIMV,hydroxylation
protein_81,LWWMWYMVYPFFCWSWASCMHLPQGKLMSRWACVPNDWRCPRGHKGGMNGGNSKIGDGCYGSNTERQQSPEWPGIPDYAGHPEMVHVVFEIQKTFEPQLE,phosphorylation
protein_82,ASGNIWDYNKEDQNECYSMRQVNQRGGFPYQCQYHTDALIKFSQKYTPAWKTWGIDDQDSMFDSRRIQKTWYEYKSVPMNYMRCPAWLFDDCGKAVFWPP,acetylation
protein_83,CNLGGINVAEIMDNWYLCDDHVIVTEWNKTSNGSPVMLFIVTMLNIAVWAYPWEAFIKAVVQKCRGAYSQSTPAGHDCGEDHNLNKSLRSNNICDGMIQP,s-nitrosylation
protein_84,VSINDGRTCVQFKAEWTMNLLKLHWVHKSEDDDNTKSVWVMDTLGKYWPDLSNTTHIWVGNTMDAKSLEGPFHRPNWYMRADCNPAWFINIANPPNWRCA,sumoylation
protein_85,AQGSDSQLYQADTRMKMWMMEEYGRFCEAQGVLYGRCGKQDKRCGIVVMCMYENFESFLADLNYCFPPVEFRIECSWHYKIMRMWNQCRTVEPGLCGYWP,sulfation
protein_86,DMTRFVNVIMTGTRCCSGSWKDLVWTSWAPTTESCNPFSSLTHEKLFADWMGQTSWYFDEIFHLKWDTCDIHISVISYNSNWTGSQTLNTLATWCENLSV,phosphorylation
protein_87,CPDTECGEGCPYENMNPWPCNHVEDEAPMWIHAYVMPKSDYHNTLNKFHRQHPYWKCQTTGSCRGHTVRPIGPTHSHGADYVEREKIAMAFYEIFPYCID,methylation
protein_88,KYIKTALIFPIECYNMWHFHFRHVDFNVGHKLLRVECSYGLCGCHVHQMAVWTECGIKPHYPLDEFHEQLRAWINNSKIECQWAEPPDFCHHYMCRTYNH,palmitoylation
protein_89,PEPQKWAPKDKYVDGLKVMFFAMRYTPLDMTLKSMGVNGIVNRIHRFRSNVYYFWHFNWLHYHCGKVHSGNGPEGCYRVWQGGWYAALYCDCVRHQFGID,methylation
protein_90,FMWKCYWTQPQVMLHVFYVKVQKYDGSRAANRILLNHPITYRLLGNQAWDWFDAEKRVNWKSQEQSMEVEVQCISTWMPRIFIRWRCEYLERGRLSCREQ,s-nitrosylation
protein_91,AVIKCIRRAYTWPYDISWYVPSEGMHDIVKYESHQSRHECDGLWCFDPKCMIMTFLFTKPFLVYGIGQIPNCSAVEYSETNDKTLVSQSEDLPYMERNKP,myristoylation
protein_92,WMTYEMMYRRYDEPDEHFVMSNHQKTVWEVATEKMTLTNGVCQWQKNTYEFGVCDHTQYHSHDLSRMFVIDMQPPCGCRFTFPCRGKQKHWPMHPCPYDY,acetylation
protein_93,PLTGNWQIKITRKQTHVCAIAHRPDMDHLRLHFEVNGNFMAHEEIAEPWTQQVCAHQWQTRGYELEVWYQQSRLRWWKEKRLEGMSYQAFYYTYKTGYNS,sulfation
protein_94,VWHWGQKCYVMDRDASSLKAFHRKAAYDFNLTWETGQHFMYGMMQCEQVAMCYFIIENNTYGDVHCRGKFFQALKTQTPNHNCTPNMKPYLDTCCAAIYG,s-nitrosylation
protein_95,CSADKPFRSKGFCGTVITAPCAPCNWIECGHMRQGEWVQGSMGVYTFHEEGGDYSIGVAHPAITIKWPWFLFLVCFQQPEMSSWHPFYGEFGMVCRTYDS,sulfation
protein_96,HSETEDHKNWMMYVFYNKVTEGQCFKMQPKFLENQYDNRLMTGCSWCSLIVNVNPWYIPMIFMIMKVMMCKAASGQVRNCIVHVIRFYQENYGFWECIQF,s-nitrosylation
protein_97,QQGRFNFDVYYRGNYGMEHGIQLLEIWPKQYHKTRMTHANQWEVTHDNQEPQVKDCHYVPKAGFELARQCNGTIKKFVARSSRAYWVNALRADYCYHKVP,nitration
protein_98,SKEISGFYDVIQGFKSMCWMLHNMERMKNGNMAHINVTWWSVEWYNTYCFFWALIMICWMWHMMKTYPLLEWFFMSWLPLWPRINQFHFHNSNFQTYIYS,methylation
protein_99,VLINSTLWLECLGWFWRNLRCISRQWLSMHSNGFNMKWITCVIRLAPCAPIHQNDDAAIIGWPFVAKNVRCRYQSAPLDPQYTRRRWGEAQAMNYRDMKT,citrullination
